Country,ISO3,Latest_Year,Completeness_Pct,Capacity_Coverage_Pct,Data_Quality_Score
South Africa,ZAF,2025,100.0,92.62,98.52
Morocco,MAR,2025,100.0,88.64,97.73
Rwanda,RWA,2024,100.0,88.24,97.65
Niger,NER,2024,100.0,88.24,97.65
Senegal,SEN,2024,100.0,88.24,97.65
Cote d'Ivoire,CIV,2024,100.0,87.5,97.5
Zambia,ZMB,2024,100.0,86.85,97.37
Algeria,DZA,2024,100.0,86.42,97.28
Ghana,GHA,2024,100.0,85.57,97.11
Nigeria,NGA,2025,100.0,85.25,97.05
Reunion,REU,2023,100.0,85.19,97.04
Libya,LBY,2024,100.0,83.33,96.67
Congo,COG,2024,100.0,83.14,96.63
Lesotho,LSO,2024,100.0,82.74,96.55
Zimbabwe,ZWE,2024,100.0,82.74,96.55
Equatorial Guinea,GNQ,2024,100.0,82.35,96.47
Gabon,GAB,2024,100.0,82.35,96.47
Chad,TCD,2024,100.0,82.35,96.47
Cameroon,CMR,2024,100.0,82.35,96.47
Tanzania (the United Republic of),TZA,2024,100.0,82.35,96.47
Botswana,BWA,2024,100.0,82.35,96.47
Angola,AGO,2024,100.0,82.35,96.47
Benin,BEN,2024,100.0,82.35,96.47
Togo,TGO,2024,100.0,82.35,96.47
Sudan,SDN,2024,100.0,82.35,96.47
Madagascar,MDG,2024,100.0,82.35,96.47
Namibia,NAM,2024,100.0,82.35,96.47
Mauritius,MUS,2024,100.0,82.35,96.47
Mauritania,MRT,2024,100.0,82.35,96.47
Mozambique,MOZ,2024,100.0,81.25,96.25
Uganda,UGA,2024,100.0,81.05,96.21
Malawi,MWI,2024,100.0,81.05,96.21
Mali,MLI,2024,100.0,79.66,95.93
Tunisia,TUN,2025,100.0,79.16,95.83
Ethiopia,ETH,2025,100.0,79.16,95.83
Congo (DRC),COD,2024,100.0,78.69,95.74
Kenya,KEN,2025,100.0,76.99,95.4
Burundi,BDI,2024,100.0,76.47,95.29
Burkina Faso,BFA,2024,100.0,76.47,95.29
Guinea,GIN,2024,100.0,76.47,95.29
Gambia,GMB,2024,100.0,76.47,95.29
Eswatini,SWZ,2024,100.0,76.47,95.29
Eritrea,ERI,2024,100.0,76.47,95.29
Comoros,COM,2023,100.0,76.47,95.29
Central African Republic,CAF,2023,100.0,76.47,95.29
Djibouti,DJI,2024,100.0,76.47,95.29
Cabo Verde,CPV,2024,100.0,76.47,95.29
Somalia,SOM,2024,100.0,76.47,95.29
Guinea-Bissau,GNB,2024,100.0,76.47,95.29
Liberia,LBR,2024,100.0,76.47,95.29
Sao Tome and Principe,STP,2023,100.0,76.47,95.29
Seychelles,SYC,2024,100.0,76.47,95.29
Sierra Leone,SLE,2024,100.0,76.47,95.29
South Sudan,SSD,2024,100.0,76.47,95.29
Egypt,EGY,2025,100.0,53.89,90.78
