Region,Technology,Data Type,Year,Electricity generation statistics
Africa,Total renewable,Electricity Generation (GWh),2000,78948.79
Africa,Total renewable,Electricity Generation (GWh),2001,85987.3
Africa,Total renewable,Electricity Generation (GWh),2002,84118.8
Africa,Total renewable,Electricity Generation (GWh),2003,86057.64
Africa,Total renewable,Electricity Generation (GWh),2004,90771.66
Africa,Total renewable,Electricity Generation (GWh),2005,98170.63
Africa,Total renewable,Electricity Generation (GWh),2006,102679.31
Africa,Total renewable,Electricity Generation (GWh),2007,101055.08
Africa,Total renewable,Electricity Generation (GWh),2008,104928.06
Africa,Total renewable,Electricity Generation (GWh),2009,112017.64
Africa,Total renewable,Electricity Generation (GWh),2010,118219.88
Africa,Total renewable,Electricity Generation (GWh),2011,120848.53
Africa,Total renewable,Electricity Generation (GWh),2012,123661.11
Africa,Total renewable,Electricity Generation (GWh),2013,131053.57
Africa,Total renewable,Electricity Generation (GWh),2014,139632.04
Africa,Total renewable,Electricity Generation (GWh),2015,142350.19
Africa,Total renewable,Electricity Generation (GWh),2016,142772.37
Africa,Total renewable,Electricity Generation (GWh),2017,151642.59
Africa,Total renewable,Electricity Generation (GWh),2018,163604.13
Africa,Total renewable,Electricity Generation (GWh),2019,175290.27
Africa,Total renewable,Electricity Generation (GWh),2020,186047.36
Africa,Total renewable,Electricity Generation (GWh),2021,197770.6
Africa,Total renewable,Electricity Generation (GWh),2022,206620.8
Africa,Total renewable,Electricity Generation (GWh),2023,215986.23
Africa,Solar energy,Electricity Generation (GWh),2000,11.36
Africa,Solar energy,Electricity Generation (GWh),2001,13.61
Africa,Solar energy,Electricity Generation (GWh),2002,15.91
Africa,Solar energy,Electricity Generation (GWh),2003,18.45
Africa,Solar energy,Electricity Generation (GWh),2004,21.96
Africa,Solar energy,Electricity Generation (GWh),2005,26.24
Africa,Solar energy,Electricity Generation (GWh),2006,31.34
Africa,Solar energy,Electricity Generation (GWh),2007,37.21
Africa,Solar energy,Electricity Generation (GWh),2008,42.56
Africa,Solar energy,Electricity Generation (GWh),2009,63.66
Africa,Solar energy,Electricity Generation (GWh),2010,154.6
Africa,Solar energy,Electricity Generation (GWh),2011,576.62
Africa,Solar energy,Electricity Generation (GWh),2012,1032.11
Africa,Solar energy,Electricity Generation (GWh),2013,707.7
Africa,Solar energy,Electricity Generation (GWh),2014,1989.42
Africa,Solar energy,Electricity Generation (GWh),2015,3286.17
Africa,Solar energy,Electricity Generation (GWh),2016,5109.67
Africa,Solar energy,Electricity Generation (GWh),2017,6695.38
Africa,Solar energy,Electricity Generation (GWh),2018,8515.95
Africa,Solar energy,Electricity Generation (GWh),2019,11735.51
Africa,Solar energy,Electricity Generation (GWh),2020,16584.71
Africa,Solar energy,Electricity Generation (GWh),2021,19113.62
Africa,Solar energy,Electricity Generation (GWh),2022,22360.63
Africa,Solar energy,Electricity Generation (GWh),2023,27111.75
Africa,Wind energy,Electricity Generation (GWh),2000,185.09
Africa,Wind energy,Electricity Generation (GWh),2001,425.25
Africa,Wind energy,Electricity Generation (GWh),2002,455.16
Africa,Wind energy,Electricity Generation (GWh),2003,468.36
Africa,Wind energy,Electricity Generation (GWh),2004,639.09
Africa,Wind energy,Electricity Generation (GWh),2005,804.52
Africa,Wind energy,Electricity Generation (GWh),2006,809.9
Africa,Wind energy,Electricity Generation (GWh),2007,991.22
Africa,Wind energy,Electricity Generation (GWh),2008,1222.88
Africa,Wind energy,Electricity Generation (GWh),2009,1483.99
Africa,Wind energy,Electricity Generation (GWh),2010,2012.63
Africa,Wind energy,Electricity Generation (GWh),2011,2408.23
Africa,Wind energy,Electricity Generation (GWh),2012,2831.05
Africa,Wind energy,Electricity Generation (GWh),2013,3500.25
Africa,Wind energy,Electricity Generation (GWh),2014,4477.78
Africa,Wind energy,Electricity Generation (GWh),2015,5457.56
Africa,Wind energy,Electricity Generation (GWh),2016,7006.72
Africa,Wind energy,Electricity Generation (GWh),2017,7156.65
Africa,Wind energy,Electricity Generation (GWh),2018,7849.85
Africa,Wind energy,Electricity Generation (GWh),2019,9731.63
Africa,Wind energy,Electricity Generation (GWh),2020,10746.09
Africa,Wind energy,Electricity Generation (GWh),2021,12741.78
Africa,Wind energy,Electricity Generation (GWh),2022,12998.83
Africa,Wind energy,Electricity Generation (GWh),2023,14954.7
Africa,Hydropower (excl. Pumped Storage),Electricity Generation (GWh),2000,76120.53
Africa,Hydropower (excl. Pumped Storage),Electricity Generation (GWh),2001,82838.7
Africa,Hydropower (excl. Pumped Storage),Electricity Generation (GWh),2002,80907.14
Africa,Hydropower (excl. Pumped Storage),Electricity Generation (GWh),2003,82708.55
Africa,Hydropower (excl. Pumped Storage),Electricity Generation (GWh),2004,86847.37
Africa,Hydropower (excl. Pumped Storage),Electricity Generation (GWh),2005,93937.47
Africa,Hydropower (excl. Pumped Storage),Electricity Generation (GWh),2006,98434.91
Africa,Hydropower (excl. Pumped Storage),Electricity Generation (GWh),2007,96618.23
Africa,Hydropower (excl. Pumped Storage),Electricity Generation (GWh),2008,100162.74
Africa,Hydropower (excl. Pumped Storage),Electricity Generation (GWh),2009,106707.16
Africa,Hydropower (excl. Pumped Storage),Electricity Generation (GWh),2010,112094.56
Africa,Hydropower (excl. Pumped Storage),Electricity Generation (GWh),2011,113757.32
Africa,Hydropower (excl. Pumped Storage),Electricity Generation (GWh),2012,115331.43
Africa,Hydropower (excl. Pumped Storage),Electricity Generation (GWh),2013,121956.33
Africa,Hydropower (excl. Pumped Storage),Electricity Generation (GWh),2014,127045.1
Africa,Hydropower (excl. Pumped Storage),Electricity Generation (GWh),2015,126078.18
Africa,Hydropower (excl. Pumped Storage),Electricity Generation (GWh),2016,122692.34
Africa,Hydropower (excl. Pumped Storage),Electricity Generation (GWh),2017,129753.96
Africa,Hydropower (excl. Pumped Storage),Electricity Generation (GWh),2018,138706.57
Africa,Hydropower (excl. Pumped Storage),Electricity Generation (GWh),2019,145042.19
Africa,Hydropower (excl. Pumped Storage),Electricity Generation (GWh),2020,150059.72
Africa,Hydropower (excl. Pumped Storage),Electricity Generation (GWh),2021,157501.36
Africa,Hydropower (excl. Pumped Storage),Electricity Generation (GWh),2022,162292.35
Africa,Hydropower (excl. Pumped Storage),Electricity Generation (GWh),2023,163746.7
Africa,Marine energy,Electricity Generation (GWh),2000,-
Africa,Marine energy,Electricity Generation (GWh),2001,-
Africa,Marine energy,Electricity Generation (GWh),2002,-
Africa,Marine energy,Electricity Generation (GWh),2003,-
Africa,Marine energy,Electricity Generation (GWh),2004,-
Africa,Marine energy,Electricity Generation (GWh),2005,-
Africa,Marine energy,Electricity Generation (GWh),2006,-
Africa,Marine energy,Electricity Generation (GWh),2007,-
Africa,Marine energy,Electricity Generation (GWh),2008,-
Africa,Marine energy,Electricity Generation (GWh),2009,-
Africa,Marine energy,Electricity Generation (GWh),2010,-
Africa,Marine energy,Electricity Generation (GWh),2011,-
Africa,Marine energy,Electricity Generation (GWh),2012,-
Africa,Marine energy,Electricity Generation (GWh),2013,-
Africa,Marine energy,Electricity Generation (GWh),2014,-
Africa,Marine energy,Electricity Generation (GWh),2015,-
Africa,Marine energy,Electricity Generation (GWh),2016,-
Africa,Marine energy,Electricity Generation (GWh),2017,-
Africa,Marine energy,Electricity Generation (GWh),2018,-
Africa,Marine energy,Electricity Generation (GWh),2019,-
Africa,Marine energy,Electricity Generation (GWh),2020,-
Africa,Marine energy,Electricity Generation (GWh),2021,-
Africa,Marine energy,Electricity Generation (GWh),2022,-
Africa,Marine energy,Electricity Generation (GWh),2023,-
Africa,Bioenergy,Electricity Generation (GWh),2000,2199.8
Africa,Bioenergy,Electricity Generation (GWh),2001,2235.24
Africa,Bioenergy,Electricity Generation (GWh),2002,2302.59
Africa,Bioenergy,Electricity Generation (GWh),2003,2274.28
Africa,Bioenergy,Electricity Generation (GWh),2004,2351.73
Africa,Bioenergy,Electricity Generation (GWh),2005,2383.4
Africa,Bioenergy,Electricity Generation (GWh),2006,2373.17
Africa,Bioenergy,Electricity Generation (GWh),2007,2347.93
Africa,Bioenergy,Electricity Generation (GWh),2008,2355.88
Africa,Bioenergy,Electricity Generation (GWh),2009,2461.69
Africa,Bioenergy,Electricity Generation (GWh),2010,2557
Africa,Bioenergy,Electricity Generation (GWh),2011,2609.55
Africa,Bioenergy,Electricity Generation (GWh),2012,2879.64
Africa,Bioenergy,Electricity Generation (GWh),2013,2983.24
Africa,Bioenergy,Electricity Generation (GWh),2014,2913.66
Africa,Bioenergy,Electricity Generation (GWh),2015,3047.18
Africa,Bioenergy,Electricity Generation (GWh),2016,3274.71
Africa,Bioenergy,Electricity Generation (GWh),2017,3166.44
Africa,Bioenergy,Electricity Generation (GWh),2018,3363.34
Africa,Bioenergy,Electricity Generation (GWh),2019,3397.09
Africa,Bioenergy,Electricity Generation (GWh),2020,3271.96
Africa,Bioenergy,Electricity Generation (GWh),2021,3231.15
Africa,Bioenergy,Electricity Generation (GWh),2022,3242.02
Africa,Bioenergy,Electricity Generation (GWh),2023,4087.43
Africa,Geothermal energy,Electricity Generation (GWh),2000,432
Africa,Geothermal energy,Electricity Generation (GWh),2001,474.5
Africa,Geothermal energy,Electricity Generation (GWh),2002,438
Africa,Geothermal energy,Electricity Generation (GWh),2003,588
Africa,Geothermal energy,Electricity Generation (GWh),2004,911.5
Africa,Geothermal energy,Electricity Generation (GWh),2005,1019
Africa,Geothermal energy,Electricity Generation (GWh),2006,1030
Africa,Geothermal energy,Electricity Generation (GWh),2007,1060.5
Africa,Geothermal energy,Electricity Generation (GWh),2008,1144
Africa,Geothermal energy,Electricity Generation (GWh),2009,1301.15
Africa,Geothermal energy,Electricity Generation (GWh),2010,1401.09
Africa,Geothermal energy,Electricity Generation (GWh),2011,1496.81
Africa,Geothermal energy,Electricity Generation (GWh),2012,1586.88
Africa,Geothermal energy,Electricity Generation (GWh),2013,1906.05
Africa,Geothermal energy,Electricity Generation (GWh),2014,3206.09
Africa,Geothermal energy,Electricity Generation (GWh),2015,4481.1
Africa,Geothermal energy,Electricity Generation (GWh),2016,4688.93
Africa,Geothermal energy,Electricity Generation (GWh),2017,4870.16
Africa,Geothermal energy,Electricity Generation (GWh),2018,5168.44
Africa,Geothermal energy,Electricity Generation (GWh),2019,5383.86
Africa,Geothermal energy,Electricity Generation (GWh),2020,5384.88
Africa,Geothermal energy,Electricity Generation (GWh),2021,5182.69
Africa,Geothermal energy,Electricity Generation (GWh),2022,5726.96
Africa,Geothermal energy,Electricity Generation (GWh),2023,6085.66
Africa,Total non-renewable,Electricity Generation (GWh),2000,335084.69
Africa,Total non-renewable,Electricity Generation (GWh),2001,354690.61
Africa,Total non-renewable,Electricity Generation (GWh),2002,383714.67
Africa,Total non-renewable,Electricity Generation (GWh),2003,411202.32
Africa,Total non-renewable,Electricity Generation (GWh),2004,431956.79
Africa,Total non-renewable,Electricity Generation (GWh),2005,447460.11
Africa,Total non-renewable,Electricity Generation (GWh),2006,470768.8
Africa,Total non-renewable,Electricity Generation (GWh),2007,491064.77
Africa,Total non-renewable,Electricity Generation (GWh),2008,498155
Africa,Total non-renewable,Electricity Generation (GWh),2009,508182.02
Africa,Total non-renewable,Electricity Generation (GWh),2010,536573.82
Africa,Total non-renewable,Electricity Generation (GWh),2011,554498.85
Africa,Total non-renewable,Electricity Generation (GWh),2012,579487.24
Africa,Total non-renewable,Electricity Generation (GWh),2013,590834.42
Africa,Total non-renewable,Electricity Generation (GWh),2014,611246.31
Africa,Total non-renewable,Electricity Generation (GWh),2015,627433.3
Africa,Total non-renewable,Electricity Generation (GWh),2016,622594.66
Africa,Total non-renewable,Electricity Generation (GWh),2017,644065.06
Africa,Total non-renewable,Electricity Generation (GWh),2018,653877.94
Africa,Total non-renewable,Electricity Generation (GWh),2019,664820.7
Africa,Total non-renewable,Electricity Generation (GWh),2020,636011.92
Africa,Total non-renewable,Electricity Generation (GWh),2021,660381.66
Africa,Total non-renewable,Electricity Generation (GWh),2022,692019.4
Africa,Total non-renewable,Electricity Generation (GWh),2023,681574.13
Africa,Fossil fuels,Electricity Generation (GWh),2000,321954.94
Africa,Fossil fuels,Electricity Generation (GWh),2001,341317.36
Africa,Fossil fuels,Electricity Generation (GWh),2002,368736.17
Africa,Fossil fuels,Electricity Generation (GWh),2003,394407.82
Africa,Fossil fuels,Electricity Generation (GWh),2004,412192.29
Africa,Fossil fuels,Electricity Generation (GWh),2005,431246.06
Africa,Fossil fuels,Electricity Generation (GWh),2006,455581.05
Africa,Fossil fuels,Electricity Generation (GWh),2007,476244.72
Africa,Fossil fuels,Electricity Generation (GWh),2008,482305.3
Africa,Fossil fuels,Electricity Generation (GWh),2009,492193.22
Africa,Fossil fuels,Electricity Generation (GWh),2010,521234.82
Africa,Fossil fuels,Electricity Generation (GWh),2011,538254.55
Africa,Fossil fuels,Electricity Generation (GWh),2012,563966.24
Africa,Fossil fuels,Electricity Generation (GWh),2013,574148.77
Africa,Fossil fuels,Electricity Generation (GWh),2014,593928.31
Africa,Fossil fuels,Electricity Generation (GWh),2015,611444.85
Africa,Fossil fuels,Electricity Generation (GWh),2016,604659.16
Africa,Fossil fuels,Electricity Generation (GWh),2017,625101.06
Africa,Fossil fuels,Electricity Generation (GWh),2018,636778.05
Africa,Fossil fuels,Electricity Generation (GWh),2019,646653.2
Africa,Fossil fuels,Electricity Generation (GWh),2020,619987.97
Africa,Fossil fuels,Electricity Generation (GWh),2021,643489.31
Africa,Fossil fuels,Electricity Generation (GWh),2022,676424.84
Africa,Fossil fuels,Electricity Generation (GWh),2023,668521.87
Africa,Nuclear,Electricity Generation (GWh),2000,11291.75
Africa,Nuclear,Electricity Generation (GWh),2001,11673
Africa,Nuclear,Electricity Generation (GWh),2002,12495
Africa,Nuclear,Electricity Generation (GWh),2003,13875.75
Africa,Nuclear,Electricity Generation (GWh),2004,16254
Africa,Nuclear,Electricity Generation (GWh),2005,12697.75
Africa,Nuclear,Electricity Generation (GWh),2006,11658.25
Africa,Nuclear,Electricity Generation (GWh),2007,11432.75
Africa,Nuclear,Electricity Generation (GWh),2008,12582.25
Africa,Nuclear,Electricity Generation (GWh),2009,12855.5
Africa,Nuclear,Electricity Generation (GWh),2010,12275.75
Africa,Nuclear,Electricity Generation (GWh),2011,13151.25
Africa,Nuclear,Electricity Generation (GWh),2012,12341
Africa,Nuclear,Electricity Generation (GWh),2013,13568
Africa,Nuclear,Electricity Generation (GWh),2014,13872
Africa,Nuclear,Electricity Generation (GWh),2015,12626.25
Africa,Nuclear,Electricity Generation (GWh),2016,14328.75
Africa,Nuclear,Electricity Generation (GWh),2017,14401.25
Africa,Nuclear,Electricity Generation (GWh),2018,12233.25
Africa,Nuclear,Electricity Generation (GWh),2019,12834
Africa,Nuclear,Electricity Generation (GWh),2020,10740.25
Africa,Nuclear,Electricity Generation (GWh),2021,11742
Africa,Nuclear,Electricity Generation (GWh),2022,10593.66
Africa,Nuclear,Electricity Generation (GWh),2023,8579.75
Africa,Other non-renewable energy,Electricity Generation (GWh),2000,-
Africa,Other non-renewable energy,Electricity Generation (GWh),2001,-
Africa,Other non-renewable energy,Electricity Generation (GWh),2002,-
Africa,Other non-renewable energy,Electricity Generation (GWh),2003,-
Africa,Other non-renewable energy,Electricity Generation (GWh),2004,-
Africa,Other non-renewable energy,Electricity Generation (GWh),2005,-
Africa,Other non-renewable energy,Electricity Generation (GWh),2006,-
Africa,Other non-renewable energy,Electricity Generation (GWh),2007,-
Africa,Other non-renewable energy,Electricity Generation (GWh),2008,-
Africa,Other non-renewable energy,Electricity Generation (GWh),2009,-
Africa,Other non-renewable energy,Electricity Generation (GWh),2010,-
Africa,Other non-renewable energy,Electricity Generation (GWh),2011,-
Africa,Other non-renewable energy,Electricity Generation (GWh),2012,-
Africa,Other non-renewable energy,Electricity Generation (GWh),2013,-
Africa,Other non-renewable energy,Electricity Generation (GWh),2014,-
Africa,Other non-renewable energy,Electricity Generation (GWh),2015,-
Africa,Other non-renewable energy,Electricity Generation (GWh),2016,-
Africa,Other non-renewable energy,Electricity Generation (GWh),2017,-
Africa,Other non-renewable energy,Electricity Generation (GWh),2018,-
Africa,Other non-renewable energy,Electricity Generation (GWh),2019,-
Africa,Other non-renewable energy,Electricity Generation (GWh),2020,-
Africa,Other non-renewable energy,Electricity Generation (GWh),2021,-
Africa,Other non-renewable energy,Electricity Generation (GWh),2022,-
Africa,Other non-renewable energy,Electricity Generation (GWh),2023,-
Africa,Pumped storage,Electricity Generation (GWh),2000,1838
Africa,Pumped storage,Electricity Generation (GWh),2001,1700.25
Africa,Pumped storage,Electricity Generation (GWh),2002,2483.5
Africa,Pumped storage,Electricity Generation (GWh),2003,2918.75
Africa,Pumped storage,Electricity Generation (GWh),2004,3510.5
Africa,Pumped storage,Electricity Generation (GWh),2005,3516.3
Africa,Pumped storage,Electricity Generation (GWh),2006,3529.5
Africa,Pumped storage,Electricity Generation (GWh),2007,3387.3
Africa,Pumped storage,Electricity Generation (GWh),2008,3267.45
Africa,Pumped storage,Electricity Generation (GWh),2009,3133.3
Africa,Pumped storage,Electricity Generation (GWh),2010,3063.25
Africa,Pumped storage,Electricity Generation (GWh),2011,3093.05
Africa,Pumped storage,Electricity Generation (GWh),2012,3180
Africa,Pumped storage,Electricity Generation (GWh),2013,3117.65
Africa,Pumped storage,Electricity Generation (GWh),2014,3446
Africa,Pumped storage,Electricity Generation (GWh),2015,3362.2
Africa,Pumped storage,Electricity Generation (GWh),2016,3606.75
Africa,Pumped storage,Electricity Generation (GWh),2017,4562.75
Africa,Pumped storage,Electricity Generation (GWh),2018,4866.64
Africa,Pumped storage,Electricity Generation (GWh),2019,5333.5
Africa,Pumped storage,Electricity Generation (GWh),2020,5283.7
Africa,Pumped storage,Electricity Generation (GWh),2021,5150.35
Africa,Pumped storage,Electricity Generation (GWh),2022,5000.91
Africa,Pumped storage,Electricity Generation (GWh),2023,4472.51
